{
	"meta" : {
		"label" : "Github issues",
		"description" : "Fetches the issues for a single Github repository"
	},
	"strictSchema" : true,
	"params" : [
		{
			"name" : "login",
            "label" : "Login",
			"type" : "STRING",
			"mandatory" : true
		},
		{
			"name" : "password",
            "label" : "Password or Personal Access Token",
			"type" : "PASSWORD",
			"mandatory" : true
		},
		{
			"name" : "repos",
            "label" : "Repository (in the form user/repos)",
			"type" : "STRING",
			"mandatory" : true
		},
		{
			"name" : "fetch_comments",
			"label" : "Fetch comment bodies",
			"type" : "BOOLEAN",
			"mandatory" : true,
			"defaultValue": false,
			"description":"(Makes downloading 10x slower and prone to hit rate limit)"
		}
	]
}
